{"cameraMode":{"drawMode":0,"name":"Shaded","section":"Shading Mode"},"sceneLighting":false,"audioPlay":false,"sceneViewState":{"showFog":true,"showMaterialUpdate":true,"showSkybox":false,"showFlares":true,"showImageEffects":true,"showParticleSystems":true},"in2DMode":false,"pivot":{"x":53.14796829223633,"y":20.38800048828125,"z":7.183013916015625},"rotation":{"x":0.18351823091506959,"y":0.05130290985107422,"z":-0.009592070244252682,"w":0.9816298484802246},"size":368.9241638183594,"orthographic":false}