{"cameraMode":{"drawMode":0,"name":"Shaded","section":"Shading Mode"},"sceneLighting":false,"audioPlay":false,"sceneViewState":{"showFog":true,"showMaterialUpdate":true,"showSkybox":false,"showFlares":true,"showImageEffects":true,"showParticleSystems":true},"in2DMode":false,"pivot":{"x":-0.0006894469261169434,"y":-7.450580596923828e-9,"z":-0.04532688856124878},"rotation":{"x":0.21213926374912263,"y":-0.5953656435012817,"z":0.16689641773700715,"w":0.7567577958106995},"size":6.28548002243042,"orthographic":false}