{"cameraMode":{"drawMode":0,"name":"Shaded","section":"Shading Mode"},"sceneLighting":false,"audioPlay":false,"sceneViewState":{"showFog":true,"showMaterialUpdate":true,"showSkybox":false,"showFlares":true,"showImageEffects":true,"showParticleSystems":true},"in2DMode":false,"pivot":{"x":-0.5041996240615845,"y":0.7871308326721191,"z":-0.19267970323562623},"rotation":{"x":0.20830529928207398,"y":0.20739585161209107,"z":-0.045249707996845248,"w":0.9547504186630249},"size":0.8339778780937195,"orthographic":false}