{"cameraMode":{"drawMode":0,"name":"Shaded","section":"Shading Mode"},"sceneLighting":false,"audioPlay":false,"sceneViewState":{"showFog":true,"showMaterialUpdate":true,"showSkybox":false,"showFlares":true,"showImageEffects":true,"showParticleSystems":true},"in2DMode":false,"pivot":{"x":299.78558349609377,"y":494.23028564453127,"z":301.0149841308594},"rotation":{"x":0.08212075382471085,"y":-0.22113415598869325,"z":0.018689708784222604,"w":0.9716000556945801},"size":5105.6875,"orthographic":false}